station,channel,pga_gal,pgv_cm_s,pgd_cm,arias_intensity_m_s,significant_duration_d5_95_s,qc_valid,qc_score
PPJR | 2026-02-05 18:04:27 UTC,HNE,87.1155301594473,7.226463642138352,0.7964191560588311,0.09797311347243408,21.070092976436996,True,70
PPJR | 2026-02-05 18:04:27 UTC,HNN,124.35638005606715,10.822165339232473,1.4115982450660005,0.1114661877723373,19.55978234570307,True,70
PPJR | 2026-02-05 18:04:27 UTC,HNZ,34.510346091867206,2.6531102512167934,0.34022087070657475,0.015668543626831403,27.139050926850544,True,70
PCJI | 2026-02-05 18:04:28 UTC,HNE,38.39728639918767,0.9304978108333898,0.10292690009623631,0.010928962938221811,15.117725676268506,True,70
PCJI | 2026-02-05 18:04:28 UTC,HNN,32.39441480547629,1.0151786841648922,0.17167054279073163,0.006219626603736288,20.590064896848787,True,70
PCJI | 2026-02-05 18:04:28 UTC,HNZ,18.04306694354798,0.8425646702344584,0.13512468962783844,0.003603663312076002,21.997842494076053,True,70
PRJI | 2026-02-05 18:04:30 UTC,HNE,70.12627729911355,1.6244855667210147,0.09422964851651495,0.05070630142113872,16.454626671908898,True,70
PRJI | 2026-02-05 18:04:30 UTC,HNN,81.37105193260126,2.3379922809345803,0.20513307656783297,0.07348847104000295,13.835564979089781,True,70
PRJI | 2026-02-05 18:04:30 UTC,HNZ,35.26465498101407,0.8572754546621413,0.050902654900556725,0.013062641071135219,20.307965092658364,True,70
PWJI | 2026-02-05 18:04:33 UTC,HNE,17.641579960416394,1.2591557639582716,0.16403412585419574,0.003500039787439519,21.459714804993396,True,70
PWJI | 2026-02-05 18:04:33 UTC,HNN,19.564400184599197,0.968295848674622,0.10799106651449787,0.0023053558469352973,18.124076550295968,True,70
PWJI | 2026-02-05 18:04:33 UTC,HNZ,11.9696031039297,0.7804376708479085,0.12607185382439973,0.001766185315349445,28.963476309592664,True,70
TAJN | 2026-02-05 18:04:33 UTC,HNE,25.759209984354598,2.6991108370066113,0.33822397081245953,0.022888452631589413,35.476567115645395,True,70
TAJN | 2026-02-05 18:04:33 UTC,HNN,21.792938299242444,1.9632423550372935,0.379921528417798,0.01667660342727285,45.191435542483674,True,70
TAJN | 2026-02-05 18:04:33 UTC,HNZ,8.00780231925958,0.5589400130398855,0.11501487627195303,0.0024273814007631477,49.73575183563776,True,70
WGJR | 2026-02-05 18:04:33 UTC,HNE,21.9089215668526,1.1813915912801198,0.17442424346333862,0.00545053497678232,22.138061631289673,True,70
WGJR | 2026-02-05 18:04:33 UTC,HNN,32.1250062011677,1.7737634827782278,0.19365321642154223,0.010062821082590703,17.541747515626867,True,70
WGJR | 2026-02-05 18:04:33 UTC,HNZ,12.485852706705783,0.48089548840779356,0.08012269658045841,0.0018824726649266002,39.472190989193095,True,70
PGJM | 2026-02-05 18:04:34 UTC,HNE,52.089087248007516,1.6653594734317614,0.11476303855752061,0.02877712687151754,22.770026402967574,True,70
PGJM | 2026-02-05 18:04:34 UTC,HNN,74.00232995221437,2.292000605286972,0.1939181019126482,0.049309113611575625,20.61952904880036,True,70
PGJM | 2026-02-05 18:04:34 UTC,HNZ,17.50717523162315,0.8560144983760194,0.09829760154947853,0.004049285136360304,24.3257764491414,True,70
GKJM | 2026-02-05 18:04:34 UTC,HNE,47.39985550352526,3.418754168896406,0.5096366642271039,0.020685446731241244,11.315103434399731,True,70
GKJM | 2026-02-05 18:04:34 UTC,HNN,63.35224276070337,5.242848040442841,0.5622017307301027,0.0325714386620349,8.274106156665596,True,70
GKJM | 2026-02-05 18:04:34 UTC,HNZ,23.52624528066095,1.733647835849986,0.1792010635505403,0.00828543104276343,27.489604232111077,True,70
PBJR | 2026-02-05 18:04:35 UTC,HNE,50.836607401676325,3.8129883457328817,0.40987403354255747,0.05765019541182379,18.36737368724033,True,70
PBJR | 2026-02-05 18:04:35 UTC,HNN,58.97786778955527,2.8613881536149712,0.24522386880807984,0.055966347260900065,17.86481831080232,True,70
PBJR | 2026-02-05 18:04:35 UTC,HNZ,17.89538072112613,1.1651982485896288,0.11864205533783564,0.006405703797634124,27.188901864004222,True,70
TTJN | 2026-02-05 18:04:35 UTC,ACE,25.860007476690903,2.4382205042472744,0.3073072519773408,0.008373695858519912,34.90295076700336,True,70
TTJN | 2026-02-05 18:04:35 UTC,ACN,16.11369873265747,1.4562833192404236,0.14346978913226052,0.005346135738030617,48.537043430544486,True,70
TTJN | 2026-02-05 18:04:35 UTC,ACZ,21.71281198437857,1.1076967503854254,0.14995431563108313,0.0025717634355896467,40.770061803110934,True,70
SKJR | 2026-02-05 18:04:35 UTC,HNE,14.997982611641309,0.9589645209802063,0.19323270986491078,0.006825716724329381,35.923865963705026,True,70
SKJR | 2026-02-05 18:04:35 UTC,HNN,15.645914217454843,0.8925459845256202,0.13866055097122468,0.006495439261702865,37.710668698209645,True,70
SKJR | 2026-02-05 18:04:35 UTC,HNZ,6.078715482745368,0.597037338368023,0.10585596152186429,0.0011907632538475364,49.834715525732804,True,70
DTJN | 2026-02-05 18:04:36 UTC,ACE,17.182855954642832,1.9116033778903294,0.28675857472386806,0.01049723863615092,26.582810103293752,True,70
DTJN | 2026-02-05 18:04:36 UTC,ACN,16.077975195620294,1.7392417108079081,0.36119997396574616,0.00940985100423633,41.36297920747427,True,70
DTJN | 2026-02-05 18:04:36 UTC,ACZ,8.84718436781375,1.0964916444569524,0.2198583904682029,0.002900881336415124,44.80057116180092,True,70
BYJR | 2026-02-05 18:04:36 UTC,HNE,46.14994565360355,4.530527213595312,0.7007297438602772,0.0432110908939138,20.2739277962435,True,70
BYJR | 2026-02-05 18:04:36 UTC,HNN,38.33415222733764,3.7671338194943664,0.5449447803436512,0.038824396681236675,21.701994269877986,True,70
BYJR | 2026-02-05 18:04:36 UTC,HNZ,17.21420544577071,1.2660028570865598,0.2554273009837229,0.007228481101607632,45.58616164500819,True,70
KCJN | 2026-02-05 18:04:36 UTC,ACE,30.661980083246306,1.9122943027889103,0.35468339657791026,0.012837082638048218,33.55547064944773,True,70
KCJN | 2026-02-05 18:04:36 UTC,ACN,25.499832545534918,1.5751263304760537,0.2705174380355758,0.011976325891589736,36.89040445324642,True,70
KCJN | 2026-02-05 18:04:36 UTC,ACZ,8.5810051599555,0.9569728275829692,0.13432447703130174,0.002650655589024858,52.79563902778534,True,70
KYJR | 2026-02-05 18:04:36 UTC,HNE,28.921441422342525,2.5673584075861826,0.49145372335417137,0.022385112750246315,27.28724054372364,True,70
KYJR | 2026-02-05 18:04:36 UTC,HNN,31.17058948515709,3.6404362019581984,0.6019800892644425,0.02698205988139682,27.09994879546403,True,70
KYJR | 2026-02-05 18:04:36 UTC,HNZ,9.376771133260817,1.3012420011386996,0.18735290958534906,0.0045687040018588185,47.30496748671547,True,70
NBJR | 2026-02-05 18:04:36 UTC,HNE,28.084224044027085,1.4675005803784087,0.1616303955313443,0.02014144886847113,21.83242221865123,True,70
NBJR | 2026-02-05 18:04:36 UTC,HNN,30.14264967344671,1.5774377006001885,0.19871632247480245,0.016699827799167212,23.910546847285502,True,70
NBJR | 2026-02-05 18:04:36 UTC,HNZ,10.663199779557967,0.6326215394052707,0.09603769434771335,0.003327528046328683,34.71883184772305,True,70
MKJM | 2026-02-05 18:04:37 UTC,HNE,8.7318168027466,0.9038282986253343,0.20403891683059552,0.0026110193190031343,40.85359518386264,True,70
MKJM | 2026-02-05 18:04:37 UTC,HNN,7.190464246064968,0.597548512254553,0.10532891448334894,0.0020878467874384365,49.063468500899404,True,70
MKJM | 2026-02-05 18:04:37 UTC,HNZ,3.9411179459128034,0.40602582794849384,0.08671349994361936,0.0008776741674706143,57.57497267631027,True,70
MBJN | 2026-02-05 18:04:37 UTC,HNE,6.026233960810138,0.565607194807952,0.10197869573106268,0.0013294228079753809,57.29221256257338,True,70
MBJN | 2026-02-05 18:04:37 UTC,HNN,5.257991997973361,0.5638060098216942,0.08459161382889586,0.0012926053020077704,55.884699917113466,True,70
MBJN | 2026-02-05 18:04:37 UTC,HNZ,2.586710195915071,0.3998601426342338,0.1062581739514524,0.0004572485228962806,100.60015440194469,True,70
BOJI | 2026-02-05 18:04:37 UTC,HNE,4.383416155637575,0.5045433189599968,0.10306420974143712,0.0010311939777314283,67.3784678887267,True,70
BOJI | 2026-02-05 18:04:37 UTC,HNN,4.776787355822335,0.552511629051112,0.0778174642532273,0.000937553918057007,60.97654568225218,True,70
BOJI | 2026-02-05 18:04:37 UTC,HNZ,2.988380127608807,0.39467634594885354,0.11792047242536793,0.0004648114375165236,96.68363740446128,True,70
PLJI | 2026-02-05 18:04:37 UTC,HNE,6.392765056288615,0.8070902244255695,0.17260965649778134,0.0022333137528236257,58.30240881770084,True,70
PLJI | 2026-02-05 18:04:37 UTC,HNN,6.467230435466631,0.7694143265014443,0.17309891708713673,0.0023350641822144666,54.18940308580554,True,70
PLJI | 2026-02-05 18:04:37 UTC,HNZ,2.819572929353473,0.3555033302019525,0.07881964979683333,0.000604862209407868,82.91046400720286,True,70
JUII | 2026-02-05 18:04:37 UTC,HNE,15.902464442426195,1.2954388765227876,0.26081793178586066,0.004656257995998713,33.121381660241155,True,70
JUII | 2026-02-05 18:04:37 UTC,HNN,13.966449647246575,0.9970090210947934,0.17732188848957545,0.0038722718756692403,37.86161008002969,True,70
JUII | 2026-02-05 18:04:37 UTC,HNZ,6.399180426752066,0.4631071739358641,0.11007837225532938,0.0014152831376070408,62.430270153908054,True,70
MLJI | 2026-02-05 18:04:38 UTC,HNE,5.253965890494143,0.7498371660249773,0.17430594601555602,0.0011710349161294575,41.091892705332754,True,70
MLJI | 2026-02-05 18:04:38 UTC,HNN,9.334131859209908,1.1497613186914966,0.32601033136918983,0.001730301855562597,36.9675882678614,True,70
MLJI | 2026-02-05 18:04:38 UTC,HNZ,4.765664947333888,0.4213642945105056,0.07315974291166703,0.000781291411715437,51.32341625916848,True,70
TKJN | 2026-02-05 18:04:38 UTC,HNE,36.84924124995889,2.786347131452194,0.31142441052003994,0.008641783777799414,23.721611607509573,True,70
TKJN | 2026-02-05 18:04:38 UTC,HNN,37.4163117964918,2.1186594867661297,0.2903939607978895,0.00905597645939499,21.64845758056032,True,70
TKJN | 2026-02-05 18:04:38 UTC,HNZ,8.626818264688051,0.9081415744516452,0.17863044567678735,0.002182662431910794,48.25459307613826,True,70
KMJR | 2026-02-05 18:04:40 UTC,HNE,9.809271212614268,0.7771376123677832,0.09996552698006535,0.0035987686600621473,30.11021548415576,True,70
KMJR | 2026-02-05 18:04:40 UTC,HNN,11.756762743241326,0.9345377664515745,0.10976492876210543,0.004127636427339454,32.03961599601615,True,70
KMJR | 2026-02-05 18:04:40 UTC,HNZ,3.9455735997673087,0.3304884966996785,0.026909092477469896,0.00043593030636572896,37.78500932821193,True,70
MCJN | 2026-02-05 18:04:41 UTC,ACE,9.951915729707354,0.6296358567896586,0.08923385682357966,0.003745824943560796,37.69969051930809,True,70
MCJN | 2026-02-05 18:04:41 UTC,ACN,11.583346173318066,0.9148981137349003,0.10654141446739286,0.004997893088528986,33.50352182336118,True,70
MCJN | 2026-02-05 18:04:41 UTC,ACZ,4.418395261325019,0.29835084866762707,0.0537830781114845,0.000751080274853896,59.21231240688839,True,70
JTJN | 2026-02-05 18:04:41 UTC,ACE,3.657424340517491,0.2605188278502306,0.09643103210278374,0.0006273693623521989,64.1323943171067,True,70
JTJN | 2026-02-05 18:04:41 UTC,ACN,3.6601419171008573,0.3100156179778634,0.07137065740858511,0.0007068864046256926,60.24345514317338,True,70
JTJN | 2026-02-05 18:04:41 UTC,ACZ,2.097199201382538,0.19767889914935594,0.046902383558626894,0.00015269992584272625,84.00183295481058,True,70
BBJM | 2026-02-05 18:04:41 UTC,HNE,2.297791155503201,0.2470451582438983,0.06079577161203199,0.0002587655645154622,78.36842953912193,True,70
BBJM | 2026-02-05 18:04:41 UTC,HNN,2.592874461138267,0.2649307963225155,0.05476483461844745,0.0002984045583974653,83.57121578377502,True,70
BBJM | 2026-02-05 18:04:41 UTC,HNZ,2.24973456902387,0.21900290052199517,0.05198806881572457,0.00019502831376577742,81.16736139732913,True,70
OTJN | 2026-02-05 18:04:41 UTC,ACE,3.4152244708642474,0.44709495586103715,0.11974179997311582,0.0006832516461019485,84.57406680879578,True,70
OTJN | 2026-02-05 18:04:41 UTC,ACN,3.2140889735782774,0.459997952731469,0.11881652990868119,0.0006663653213524572,85.86301446449787,True,70
OTJN | 2026-02-05 18:04:41 UTC,ACZ,1.2652663874103955,0.2618358353842821,0.08541373966579409,0.00018625765216224598,92.56072379173638,True,70
GGJM | 2026-02-05 18:04:42 UTC,HNE,4.086938839696984,0.669525600258216,0.1551268196889558,0.0011130701153537067,87.51020323090549,True,70
GGJM | 2026-02-05 18:04:42 UTC,HNN,3.940044468271776,0.3656248407627198,0.13182536546926643,0.0009645187192643161,92.64982589627635,True,70
GGJM | 2026-02-05 18:04:42 UTC,HNZ,1.8923458083289193,0.2408196559675821,0.07759114273028613,0.0002484269606452052,169.24389529798657,True,70
JWJM | 2026-02-05 18:04:42 UTC,HNE,3.4887777466401975,0.28600401770923123,0.06619523079484117,0.00040659730286069336,80.10413509046145,True,70
JWJM | 2026-02-05 18:04:42 UTC,HNN,3.8954311746877677,0.26106273941156155,0.062138380413943255,0.0006580411362973907,78.80193003671081,True,70
JWJM | 2026-02-05 18:04:42 UTC,HNZ,1.4517656145615578,0.18836311347361012,0.05808490004315716,0.00019227173503363177,91.1194885925062,True,70
